{
  "action_scaler": {
    "type": "min_max",
    "params": {
      "minimum": [
        [
          -0.9999998807907104,
          -0.9992597699165344,
          -0.9999996423721313
        ]
      ],
      "maximum": [
        [
          0.9999906420707703,
          0.9999436140060425,
          0.9999993443489075
        ]
      ]
    }
  },
  "actor_encoder_factory": {
    "type": "default",
    "params": {
      "activation": "relu",
      "use_batch_norm": false,
      "dropout_rate": null
    }
  },
  "actor_learning_rate": 0.0001,
  "actor_optim_factory": {
    "optim_cls": "Adam",
    "betas": [
      0.9,
      0.999
    ],
    "eps": 1e-08,
    "weight_decay": 0,
    "amsgrad": false
  },
  "alpha_learning_rate": 0.0001,
  "alpha_optim_factory": {
    "optim_cls": "Adam",
    "betas": [
      0.9,
      0.999
    ],
    "eps": 1e-08,
    "weight_decay": 0,
    "amsgrad": false
  },
  "alpha_threshold": 10.0,
  "batch_size": 256,
  "conservative_weight": 5.0,
  "critic_encoder_factory": {
    "type": "default",
    "params": {
      "activation": "relu",
      "use_batch_norm": false,
      "dropout_rate": null
    }
  },
  "critic_learning_rate": 0.0003,
  "critic_optim_factory": {
    "optim_cls": "Adam",
    "betas": [
      0.9,
      0.999
    ],
    "eps": 1e-08,
    "weight_decay": 0,
    "amsgrad": false
  },
  "gamma": 0.99,
  "generated_maxlen": 100000,
  "initial_alpha": 1.0,
  "initial_temperature": 1.0,
  "n_action_samples": 10,
  "n_critics": 2,
  "n_frames": 1,
  "n_steps": 1,
  "q_func_factory": {
    "type": "qr",
    "params": {
      "bootstrap": false,
      "share_encoder": false,
      "n_quantiles": 32
    }
  },
  "real_ratio": 1.0,
  "reward_scaler": null,
  "scaler": {
    "type": "standard",
    "params": {
      "mean": [
        [
          -0.20352409333661878,
          0.0,
          1.0,
          0.18708415045986995,
          0.0,
          -0.08536729946029104,
          0.0,
          -0.5324790331431856,
          0.5566138493296972,
          -0.08113229466780604,
          0.3948067846769333,
          -0.034147579567651166,
          0.6331514732684205,
          -0.00829449483386022,
          0.8205407051351763
        ]
      ],
      "std": [
        [
          0.09127003557947874,
          0.0,
          0.0,
          0.23450118781683438,
          0.0,
          0.2297226583353541,
          0.0,
          0.19030559812965425,
          0.23595794762716113,
          0.3995570444148716,
          0.30495981803100264,
          0.31284951000926986,
          0.5049151841397296,
          0.31210459658707,
          0.3837364412606067
        ]
      ],
      "eps": 0.001
    }
  },
  "soft_q_backup": false,
  "target_reduction_type": "min",
  "tau": 0.005,
  "temp_learning_rate": 0.0001,
  "temp_optim_factory": {
    "optim_cls": "Adam",
    "betas": [
      0.9,
      0.999
    ],
    "eps": 1e-08,
    "weight_decay": 0,
    "amsgrad": false
  },
  "use_gpu": 0,
  "algorithm": "CQL",
  "observation_shape": [
    15
  ],
  "action_size": 3
}